"uuid","name","description","class","shortname","child.1","child.2","child.3","child.4","child.5","child.6","child.7","child.8","child.9","child.10","child.11","reference-term-source","reference-term-code","reference-term-relationship"
"e4ba388e-fa41-4309-8bf5-7f0831ed1af7","HIV C&T Summary Diagnostic","HIV C&T Summary Diagnostic","Misc","HIV C&T Summary Diagnostic","Date Confirmed HIV+","HIV Type","","","","","","","","","",,,
"7414450f-2a7d-11e6-a94f-08002715d519","Height Data",,"Concept Details","Height","Height","","","","","","","","","","",,,
"86ffa474-2a7d-11e6-a94f-08002715d519","Height Set",,"ConvSet","Height","Height Data","","","","","","","","","","",,,
"7d308557-5cb9-4bc4-9827-2d55dc8edfd6","Weight Data",,"Concept Details","Weight","Weight","Weight Abnormal","","","","","","","","","",,,
"7d52a2de-080a-43be-858a-377ebffacb34","Weight Set",,"ConvSet","Weight","Weight Data","","","","","","","","","","",,,
"cbf50ac2-82ca-474c-afa6-3d87f6d84b8a","Initial Assessment by clinician","Initial Assessment by clinician","Misc","Initial Assessment","Initial Assessment, Date","Height Set","Weight Set","","","","","","","","",,,
"eac0f9dc-a405-4027-b403-dfb587823638","HIV, Ongoing staging","Ongoing Staging","Misc","Ongoing staging","Date Patient First Reaches","HIVTC, HIV care WHO Staging","","","","","","","","","",,,
"dd8bed7a-8ed5-4a7a-96bf-8dbb6b509529","HIVTC, ART Eligibility",,"Misc","ART Eligibility","HIVTC, ART eligible date","HIVTC, ART start date","HIVTC, ART Regimen","","","","","","","","",,,
"89e83fe5-9978-499c-8bcb-b65731f87b90","ART Mastercard",,"Misc","ART Mastercard","ART Mastercard, Visit Date","HIV C&T Summary Diagnostic","Initial Assessment by clinician","HIV, Ongoing staging","HIVTC, ART Eligibility","HIVTC, Viral Load","HIVTC, Viral Load date","HIVTC, CD4 count","HIVTC, Marital Status","ART, Patient Contact Number","",,,
