"uuid","name","description","class","shortname","datatype","units","High Normal","Low Normal","Allow Decimal","locale","synonym.1","answer.1","answer.2","answer.3","answer.4","answer.5","answer.6","answer.7","answer.8","answer.9","answer.10","answer.11","answer.12","reference-term-source","reference-term-code","reference-term-relationship"
"e6ef6dfe-be44-436c-a0d6-fc94dfba0162","ART Mastercard, Visit Date",,"Misc","ART Mastercard, Visit Date","Date",,,,,,"","","","","","","","","","","","","",,,
"94464794-561f-4138-8cf1-2f9de59985d9","Date Confirmed HIV+","Date Confirmed HIV+","Misc","Date Confirmed HIV+","Date",,,,,,"","","","","","","","","","","","","",,,
"faed4051-db06-4bdc-9e41-348c92cb6b05","HIV 1","HIV 1","Misc","HIV 1","N/A",,,,,,"","","","","","","","","","","","","",,,
"68136de9-d63a-44e2-be2b-6dc5fb76e003","HIV 2","HIV 2","Misc","HIV 2","Date",,,,,,"","","","","","","","","","","","","",,,
"56d627ef-5b73-42ce-b4d3-e4d4331a8f4d","HIV 1&2","HIV 1&2","Misc","HIV 1&2","N/A",,,,,,"","","","","","","","","","","","","",,,
"87185967-b101-4524-82d6-03245c8b2e84","HIV Type","HIV Type","Misc","HIV Type","Coded",,,,,,"","HIV 1","HIV 2","HIV 1&2","","","","","","","","","",,,
"93b62520-be7b-4826-8681-d37fd2781f90","Initial Assessment, Date","Date","Misc","Initial Assessment Date","Date",,,,,,"","","","","","","","","","","","","",,,
"3ce93cf2-26fe-102b-80cb-0017a47871b2","Height",,"Test","Height","Numeric",,,,,,"","","","","","","","","","","","","",,,
"3ce93b62-26fe-102b-80cb-0017a47871b2","Weight",,"Test","Weight","Numeric",,,,,,"","","","","","","","","","","","","",,,
"74c42c16-a8f9-4ce7-80ad-a0ec0184df6f","Weight Abnormal",,"Abnormal","Weight Abnormal","Boolean",,,,,,"","","","","","","","","","","","","",,,
"8d0841d7-5474-482a-8453-422426fd2bbe","Date Patient First Reaches","Date Patient First Reaches","Misc","Date Patient First Reaches","Date",,,,,,"","","","","","","","","","","","","",,,
"476439e0-19d2-4976-b1ae-a02931efe217","Stage I",,"Misc","I","N/A",,,,,,"","","","","","","","","","","","","",,,
"1507ed9a-0439-4858-871f-9795285e3547","Stage II",,"Misc","II","N/A",,,,,,"","","","","","","","","","","","","",,,
"f76e0f1e-1a88-43da-b834-01079fcf5b95","Stage III",,"Misc","III","N/A",,,,,,"","","","","","","","","","","","","",,,
"7c5ebb34-5f83-4b55-93e4-7237a2e85891","Stage IV",,"Misc","IV","N/A",,,,,,"","","","","","","","","","","","","",,,
"e55ddd3e-55da-4f58-9a75-924ca571b9be","HIVTC, HIV care WHO Staging",,"Misc","WHO Staging","Coded",,,,,,"","Stage I","Stage II","Stage III","Stage IV","","","","","","","","",,,
"037c6703-70d9-4307-860e-bdd9b7e17f37","HIVTC, ART eligible date","Record the date when the patient is eligible for ART drug. Use National ART Guideline, CD4 Count and WHO Staging.","Misc","ART eligible date","Date",,,,,,"","","","","","","","","","","","","",,,
"99006f88-a57e-47f5-9fef-9f1f056a2753","HIVTC, ART start date","Record ART Started date and regimen.","Misc","ART start date","Date",,,,,,"","","","","","","","","","","","","",,,
"3c3774d2-009f-4003-8fcb-d70151921774","AZT/3TC/NVP",,"Misc",,"N/A",,,,,,"","","","","","","","","","","","","",,,
"d6957b80-e635-491b-b0a1-4ccad8886701","AZT/3TC/LPV/r",,"Misc",,"N/A",,,,,,"","","","","","","","","","","","","",,,
"86ce5599-62e6-403b-9399-8d02ea228a7d","Others",,"Misc",,"N/A",,,,,,"","","","","","","","","","","","","",,,
"2d9bcd1a-771c-49d4-8805-3f138d17698f","AZT/3TC/NVP-Paediatric",,"Misc",,"N/A",,,,,,"","","","","","","","","","","","","",,,
"1a1e5053-3a00-4051-a1ef-bffa62ec67f2","AZT/3TC/EFV",,"Misc",,"N/A",,,,,,"","","","","","","","","","","","","",,,
"71bf305a-3a09-4fc8-a730-5c066c668cb5","AZT/3TC/EFV-Paediatric",,"Misc",,"N/A",,,,,,"","","","","","","","","","","","","",,,
"bd1ca3e2-f7e5-4936-9e70-c40d55d97eb8","TDF/3TC/NVP",,"Misc",,"N/A",,,,,,"","","","","","","","","","","","","",,,
"43be6099-19bd-4330-8dad-161c2c5f5883","TDF/3TC/NVP-Paediatric",,"Misc",,"N/A",,,,,,"","","","","","","","","","","","","",,,
"d3176bb1-057f-4fd5-9890-25070bd48efc","TDF/3TC/EFV",,"Misc",,"N/A",,,,,,"","","","","","","","","","","","","",,,
"d87440d9-689f-4576-a130-c925ae7005ea","TDF/3TC/EFV-Paediatric",,"Misc",,"N/A",,,,,,"","","","","","","","","","","","","",,,
"9cdfd34d-939e-49b1-ad7e-ce403ba884d1","TDF/3TC/LPV/r",,"Misc",,"N/A",,,,,,"","","","","","","","","","","","","",,,
"7ff8b3de-987a-495f-8610-f595f0072f64","HIVTC, ART Regimen",,"Misc","ART Regimen","Coded",,,,,,"","AZT/3TC/NVP","AZT/3TC/LPV/r","Others","AZT/3TC/NVP-Paediatric","AZT/3TC/EFV","AZT/3TC/EFV-Paediatric","TDF/3TC/NVP","TDF/3TC/NVP-Paediatric","TDF/3TC/EFV","TDF/3TC/EFV-Paediatric","TDF/3TC/LPV/r","",,,
"c794c657-5015-465e-9cc5-b4fea6664fca","HIVTC, Viral Load","Record viral load 6months after the treatment started and then repeat once in every 12 months.","Misc","Viral Load","Text",,,,,,"","","","","","","","","","","","","",,,
"85d97b12-fb9f-4c84-9b8d-54972d0e5964","HIVTC, Viral Load date",,"Misc","Viral Load date","Date",,,,,,"","","","","","","","","","","","","",,,
"3e529261-07b9-4b89-848a-e0179cb5b7fd","HIVTC, CD4 count","Need to repeat once in every six months.","Misc","CD4 count","Numeric",,,,,,"","","","","","","","","","","","","",,,
"755188de-15e4-47ed-895d-6bb4522da168","Unmarried",,"Misc",,"N/A",,,,,,"","","","","","","","","","","","","",,,
"3cee0aca-26fe-102b-80cb-0017a47871b2","Married",,"Misc","Married","N/A",,,,,,"","","","","","","","","","","","","",,,
"3cd6e55c-26fe-102b-80cb-0017a47871b2","Divorced",,"Misc","Divorced","N/A",,,,,,"","","","","","","","","","","","","",,,
"3cd6e6f6-26fe-102b-80cb-0017a47871b2","Widowed",,"Misc","Widowed","N/A",,,,,,"","","","","","","","","","","","","",,,
"478ecc8e-bf4d-4bfd-a2ab-6d02477d2497","HIVTC, Marital Status",,"Misc","Marital Status","Coded",,,,,,"","Unmarried","Married","Divorced","Widowed","","","","","","","","",,,
"927c18a7-86d7-4e8d-97c6-968405ffc1cd","ART, Patient Contact Number",,"Misc","Contact Number","Numeric",,,,,,"","","","","","","","","","","","","",,,
