"uuid","name","description","class","shortname","datatype","units","High Normal","Low Normal","Allow Decimal","locale","synonym.1","answer.1","answer.2","answer.3","answer.4","answer.5","answer.6","answer.7","answer.8","answer.9","answer.10","answer.11","answer.12","reference-term-source","reference-term-code","reference-term-relationship"
"872e9894-4dc4-44aa-8074-9b7632d1ca02","Followup, Visit Date",,"Misc","Visit Date","Date",,,,,,"","","","","","","","","","","","","",,,
"b2a8b878-a13b-4023-92b2-f1ba0771a6d5","Followup/Refill",,"Misc","Follow up/Refill","N/A",,,,,,"","","","","","","","","","","","","",,,
"1f17c51c-add5-4c18-9a22-841f909811f0","Nausea",,"Misc","Nausea","N/A",,,,,,"","","","","","","","","","","","","",,,
"54c2d56c-7cf3-4f4e-93df-ed1290a26406","Diarrhea",,"Misc","Diarrhea","N/A",,,,,,"","","","","","","","","","","","","",,,
"de9b7e69-ff5c-4c1f-9af9-115a37daa4d1","Fatigue",,"Misc","Fatigue","N/A",,,,,,"","","","","","","","","","","","","",,,
"3cee7fb4-26fe-102b-80cb-0017a47871b2","Other",,"Misc","Other","N/A",,,,,,"","","","","","","","","","","","","",,,
"ea7378a9-117e-4256-ab4b-5de2614a8b30","Reason for Visit, Codes for Side Effects or Other problems",,"Misc","Reason for Visit","Coded",,,,,,"","Followup/Refill","Nausea","Diarrhea","Fatigue","Other","","","","","","","",,,
"38e4d1ef-70f2-4459-b41f-23ab8373ba42","Good Adherence","Good Adherence, Missed less than 3 doses per month","Misc","Good Adherence","N/A",,,,,,"","","","","","","","","","","","","",,,
"86381eab-2b27-44fb-9db3-882f1e48e9f3","Fair Adherence","Fair Adherence, Missed 5-8 doses per month","Misc","Fair Adherence","N/A",,,,,,"","","","","","","","","","","","","",,,
"c07a7a0d-613c-471e-81b4-8dbaa3df0a96","Poor Adherence","Poor Adherence, Missed more than 9 doses per month","Misc","Poor Adherence","N/A",,,,,,"","","","","","","","","","","","","",,,
"77fcc125-ea9f-457c-89df-a6b09939948e","Adherence",,"Misc","Adherence","Coded",,,,,,"","Good Adherence","Fair Adherence","Poor Adherence","","","","","","","","","",,,
"3ce93cf2-26fe-102b-80cb-0017a47871b2","Height",,"Test","Height","Numeric",,,,,,"","","","","","","","","","","","","",,,
"3ce93b62-26fe-102b-80cb-0017a47871b2","Weight",,"Test","Weight","Numeric",,,,,,"","","","","","","","","","","","","",,,
"74c42c16-a8f9-4ce7-80ad-a0ec0184df6f","Weight Abnormal",,"Abnormal","Weight Abnormal","Boolean",,,,,,"","","","","","","","","","","","","",,,
"3e529261-07b9-4b89-848a-e0179cb5b7fd","HIVTC, CD4 count","Need to repeat once in every six months.","Misc","CD4 count","Numeric",,,,,,"","","","","","","","","","","","","",,,
"3c3774d2-009f-4003-8fcb-d70151921774","AZT/3TC/NVP",,"Misc",,"N/A",,,,,,"","","","","","","","","","","","","",,,
"d6957b80-e635-491b-b0a1-4ccad8886701","AZT/3TC/LPV/r",,"Misc",,"N/A",,,,,,"","","","","","","","","","","","","",,,
"86ce5599-62e6-403b-9399-8d02ea228a7d","Others",,"Misc",,"N/A",,,,,,"","","","","","","","","","","","","",,,
"2d9bcd1a-771c-49d4-8805-3f138d17698f","AZT/3TC/NVP-Paediatric",,"Misc",,"N/A",,,,,,"","","","","","","","","","","","","",,,
"1a1e5053-3a00-4051-a1ef-bffa62ec67f2","AZT/3TC/EFV",,"Misc",,"N/A",,,,,,"","","","","","","","","","","","","",,,
"71bf305a-3a09-4fc8-a730-5c066c668cb5","AZT/3TC/EFV-Paediatric",,"Misc",,"N/A",,,,,,"","","","","","","","","","","","","",,,
"bd1ca3e2-f7e5-4936-9e70-c40d55d97eb8","TDF/3TC/NVP",,"Misc",,"N/A",,,,,,"","","","","","","","","","","","","",,,
"43be6099-19bd-4330-8dad-161c2c5f5883","TDF/3TC/NVP-Paediatric",,"Misc",,"N/A",,,,,,"","","","","","","","","","","","","",,,
"d3176bb1-057f-4fd5-9890-25070bd48efc","TDF/3TC/EFV",,"Misc",,"N/A",,,,,,"","","","","","","","","","","","","",,,
"d87440d9-689f-4576-a130-c925ae7005ea","TDF/3TC/EFV-Paediatric",,"Misc",,"N/A",,,,,,"","","","","","","","","","","","","",,,
"9cdfd34d-939e-49b1-ad7e-ce403ba884d1","TDF/3TC/LPV/r",,"Misc",,"N/A",,,,,,"","","","","","","","","","","","","",,,
"7ff8b3de-987a-495f-8610-f595f0072f64","HIVTC, ART Regimen",,"Misc","ART Regimen","Coded",,,,,,"","AZT/3TC/NVP","AZT/3TC/LPV/r","Others","AZT/3TC/NVP-Paediatric","AZT/3TC/EFV","AZT/3TC/EFV-Paediatric","TDF/3TC/NVP","TDF/3TC/NVP-Paediatric","TDF/3TC/EFV","TDF/3TC/EFV-Paediatric","TDF/3TC/LPV/r","",,,
"44ba567a-c182-4583-a906-5fd04b353970","Next Appointment Date",,"Misc","Next Appointment Date","Date",,,,,,"","","","","","","","","","","","","",,,
