"uuid","name","description","class","shortname","child.1","child.2","child.3","child.4","child.5","child.6","child.7","child.8","child.9","reference-term-source","reference-term-code","reference-term-relationship"
"7414450f-2a7d-11e6-a94f-08002715d519","Height Data",,"Concept Details","Height","Height","","","","","","","","",,,
"86ffa474-2a7d-11e6-a94f-08002715d519","Height Set",,"ConvSet","Height","Height Data","","","","","","","","",,,
"7d308557-5cb9-4bc4-9827-2d55dc8edfd6","Weight Data",,"Concept Details","Weight","Weight","Weight Abnormal","","","","","","","",,,
"7d52a2de-080a-43be-858a-377ebffacb34","Weight Set",,"ConvSet","Weight","Weight Data","","","","","","","","",,,
"f3102636-d948-4421-bafe-62142822ceee","ART Followup Visit",,"Misc","ART Followup Visit","Followup, Visit Date","Reason for Visit, Codes for Side Effects or Other problems","Adherence","Height Set","Weight Set","HIVTC, CD4 count","HIVTC, ART Regimen","Next Appointment Date","",,,
